{"cameraMode":{"drawMode":0,"name":"Shaded","section":"Shading Mode"},"sceneLighting":false,"audioPlay":false,"sceneViewState":{"m_AlwaysRefresh":false,"showFog":true,"showSkybox":true,"showFlares":true,"showImageEffects":true,"showParticleSystems":true,"showVisualEffectGraphs":true,"m_FxEnabled":true},"in2DMode":false,"pivot":{"x":35.61402893066406,"y":-12.050994873046875,"z":3.0815658569335939},"rotation":{"x":-0.11332789808511734,"y":-0.8790075182914734,"z":0.38341376185417178,"w":-0.2598138451576233},"size":26.336517333984376,"orthographic":false}